Calibration Intercept,Calibration Slope,Observed,Expected,Observed/Expected,Brier
0.5911076392137259,1.322998339741127,1781.0,1538.1216518087313,1.1579058118749317,0.1215904813632756
