Metric,Estimate,95% CI Low,95% CI High,Formatted
Calibration Intercept,0.5911076392137259,0.524983731859214,0.6615234263947609,0.591 (0.525-0.662)
Calibration Slope,1.322998339741127,1.2605922072867055,1.3925940023568064,1.323 (1.261-1.393)
Observed,1781.0,1781.0,1781.0,1781.000 (1781.000-1781.000)
Expected,1538.1216518087313,1510.5867171920836,1565.2967723588226,1538.122 (1510.587-1565.297)
Observed/Expected,1.1579058118749317,1.1378050262971944,1.1790122760280946,1.158 (1.138-1.179)
Brier,0.1215904813632756,0.11767779422992855,0.12486033836215983,0.122 (0.118-0.125)
