Calibration Intercept,Calibration Slope,Observed,Expected,Observed/Expected,Brier
0.19678874192448834,1.2143346724914166,5272.0,5269.638506970368,1.0004481318835263,0.10053592597035696
