Calibration Intercept,Calibration Slope,Observed,Expected,Observed/Expected,Brier
0.5162610554979664,1.2714007813286843,1781.0,1578.5928965769708,1.1282199507307615,0.11220907323785885
