Model A,Model B,AUROC A,AUROC B,AUROC Difference A-B,95% CI Low,95% CI High,Bootstrap P Value
HybridXGBRF (Our Approach),XGBClassifier,0.875116202600234,0.874027853882915,0.0010883487173189987,-0.00011045190791577895,0.002499843247401503,0.064
