Cohort,Harrell C-index,N,Events
Development,0.8658327447202779,23901,5272
Temporal external validation,0.8602964579975539,6216,1781
