Cohort,Harrell C-index,N,Events
Development,0.8537636252885398,23901,5272
Temporal external validation,0.8489797452725822,6216,1781
