Subgroup,Support (n),Positives (n),Accuracy,Accuracy 95% CI,Precision,Precision 95% CI,Recall,Recall 95% CI,F1,F1 95% CI,AUROC,AUROC 95% CI
ADL improvement,5524,1658,0.8283852280955829,0.828 (0.820-0.836),0.8600405679513184,0.860 (0.842-0.886),0.51145958986731,0.511 (0.488-0.534),0.6414523449319214,0.641 (0.619-0.663),0.8969864713998567,0.897 (0.889-0.905)
ADL decline,692,123,0.8280346820809249,0.828 (0.819-0.839),0.625,0.625 (0.408-0.833),0.08130081300813008,0.081 (0.041-0.130),0.14388489208633093,0.144 (0.074-0.219),0.7314286939002959,0.731 (0.682-0.774)
Female,3043,714,0.847518895826487,0.848 (0.838-0.857),0.8591954022988506,0.859 (0.824-0.895),0.41876750700280113,0.419 (0.387-0.451),0.5630885122410546,0.563 (0.528-0.596),0.8912491145019622,0.891 (0.878-0.904)
Male,3173,1067,0.8099590293098015,0.810 (0.798-0.823),0.8547400611620795,0.855 (0.832-0.881),0.5238987816307404,0.524 (0.493-0.553),0.6496223126089483,0.650 (0.622-0.675),0.8786757343458373,0.879 (0.867-0.891)
Age <= 85,4292,1181,0.8322460391425909,0.832 (0.823-0.841),0.849772382397572,0.850 (0.826-0.878),0.4741744284504657,0.474 (0.447-0.504),0.6086956521739131,0.609 (0.583-0.636),0.8836859239469028,0.884 (0.874-0.894)
Age > 85,1924,600,0.8196465696465697,0.820 (0.807-0.833),0.8688046647230321,0.869 (0.839-0.901),0.49666666666666665,0.497 (0.461-0.535),0.6320254506892895,0.632 (0.598-0.666),0.892544687814703,0.893 (0.877-0.906)
